﻿[
  {
    "outputFile": "angular15/trumbowyg/trumbowyg.min.js",
    "inputFile": "angular15/trumbowyg/trumbowyg.js"
  },
  {
    "outputFile": "angular15/trumbowyg/ui/trumbowyg.min.css",
    "inputFile": "angular15/trumbowyg/ui/trumbowyg.less"
  },
  {
    "outputFile": "codemirror/codemirror.min.css",
    "inputFile": "codemirror/codemirror.less"
  },
  {
    "outputFile": "common.css",
    "inputFile": "common.less"
  },
  {
    "outputFile": "dnnsf/css/tpl-common.css",
    "inputFile": "dnnsf/css/tpl-common.less"
  }
]